Nombre;Cedula;Direccion
Nombre 1;1494926;Direccion 1
Nombre 2;1362736;Direccion 2
Nombre 3;1462327;Direccion 3
Nombre 4;1239651;Direccion 4
Nombre 5;1254555;Direccion 5
Nombre 6;1318291;Direccion 6
Nombre 7;1146499;Direccion 7
Nombre 8;1277983;Direccion 8
Nombre 9;1106222;Direccion 9
Nombre 10;1390301;Direccion 10
Nombre 11;1362165;Direccion 11
Nombre 12;1139550;Direccion 12
Nombre 13;1128967;Direccion 13
Nombre 14;1463901;Direccion 14
Nombre 15;1496697;Direccion 15
Nombre 16;1104756;Direccion 16
Nombre 17;1257271;Direccion 17
Nombre 18;1352487;Direccion 18
Nombre 19;1145234;Direccion 19
Nombre 20;1147508;Direccion 19
